{"cameraMode":{"drawMode":0,"name":"Shaded","section":"Shading Mode"},"sceneLighting":true,"audioPlay":false,"sceneViewState":{"showFog":true,"showMaterialUpdate":false,"showSkybox":true,"showFlares":true,"showImageEffects":true,"showParticleSystems":true},"in2DMode":false,"pivot":{"x":0.2233271598815918,"y":-1.2008247375488282,"z":0.9515187740325928},"rotation":{"x":-0.3077678978443146,"y":0.3500429391860962,"z":-0.12296144664287567,"w":-0.8761464953422546},"size":8.414055824279786,"orthographic":false}