{"cameraMode":{"drawMode":0,"name":"Shaded","section":"Shading Mode"},"sceneLighting":true,"audioPlay":false,"sceneViewState":{"showFog":true,"showMaterialUpdate":false,"showSkybox":true,"showFlares":true,"showImageEffects":true,"showParticleSystems":true},"in2DMode":false,"pivot":{"x":-3.7924797534942629,"y":5.936309814453125,"z":-5.078904151916504},"rotation":{"x":0.06687081605195999,"y":0.9180279970169067,"z":-0.3490215539932251,"w":0.17588964104652406},"size":0.726406991481781,"orthographic":false}