{"cameraMode":{"drawMode":0,"name":"Shaded","section":"Shading Mode"},"sceneLighting":false,"audioPlay":false,"sceneViewState":{"showFog":true,"showMaterialUpdate":false,"showSkybox":false,"showFlares":true,"showImageEffects":true,"showParticleSystems":true},"in2DMode":false,"pivot":{"x":0.23041152954101563,"y":-0.0634613037109375,"z":0.1618061065673828},"rotation":{"x":0.4694664478302002,"y":0.08873841166496277,"z":-0.04748309403657913,"w":0.8772022724151611},"size":49.433570861816409,"orthographic":false}