{"cameraMode":{"drawMode":0,"name":"Shaded","section":"Shading Mode"},"sceneLighting":false,"audioPlay":false,"sceneViewState":{"showFog":false,"showMaterialUpdate":false,"showSkybox":false,"showFlares":false,"showImageEffects":false,"showParticleSystems":false},"in2DMode":false,"pivot":{"x":0.011933211237192154,"y":0.3842284083366394,"z":0.06852224469184876},"rotation":{"x":-0.2880658209323883,"y":0.04248197004199028,"z":-0.012773854658007622,"w":-0.9565907716751099},"size":1.0649135112762452,"orthographic":false}