{"cameraMode":{"drawMode":0,"name":"Shaded","section":"Shading Mode"},"sceneLighting":false,"audioPlay":false,"sceneViewState":{"showFog":false,"showMaterialUpdate":false,"showSkybox":false,"showFlares":false,"showImageEffects":false,"showParticleSystems":false},"in2DMode":false,"pivot":{"x":-1.0105009078979493,"y":-0.6981492042541504,"z":2.0996341705322267},"rotation":{"x":-0.29048025608062746,"y":0.28476762771606448,"z":-0.0910022035241127,"w":-0.9089818596839905},"size":13.169331550598145,"orthographic":false}