{"cameraMode":{"drawMode":0,"name":"Shaded","section":"Shading Mode"},"sceneLighting":false,"audioPlay":false,"sceneViewState":{"showFog":false,"showMaterialUpdate":false,"showSkybox":false,"showFlares":false,"showImageEffects":false,"showParticleSystems":false},"in2DMode":false,"pivot":{"x":-0.000020265579223632813,"y":-1.3499999046325684,"z":2.9676408767700197},"rotation":{"x":0.366515576839447,"y":-0.6303235292434692,"z":0.44241198897361758,"w":0.5221574306488037},"size":16.320785522460939,"orthographic":false}