{"cameraMode":{"drawMode":0,"name":"Shaded","section":"Shading Mode"},"sceneLighting":true,"audioPlay":false,"sceneViewState":{"showFog":false,"showMaterialUpdate":false,"showSkybox":false,"showFlares":false,"showImageEffects":false,"showParticleSystems":false},"in2DMode":false,"pivot":{"x":-8.0615234375,"y":1.42529296875,"z":7.772705078125},"rotation":{"x":0.16533012688159944,"y":0.8057944178581238,"z":-0.26470714807510378,"w":0.5032826066017151},"size":2.4832193851470949,"orthographic":true}