{"cameraMode":{"drawMode":0,"name":"Shaded","section":"Shading Mode"},"sceneLighting":false,"audioPlay":false,"sceneViewState":{"showFog":false,"showMaterialUpdate":false,"showSkybox":false,"showFlares":false,"showImageEffects":false,"showParticleSystems":false},"in2DMode":false,"pivot":{"x":0.7452256083488464,"y":1.8904277086257935,"z":-0.18022757768630982},"rotation":{"x":-0.4332664906978607,"y":-0.08576271682977677,"z":0.041462287306785586,"w":-0.8962231278419495},"size":31.242647171020509,"orthographic":false}