{"cameraMode":{"drawMode":0,"name":"Shaded","section":"Shading Mode"},"sceneLighting":false,"audioPlay":false,"sceneViewState":{"showFog":false,"showMaterialUpdate":false,"showSkybox":false,"showFlares":false,"showImageEffects":false,"showParticleSystems":false},"in2DMode":false,"pivot":{"x":0.712158203125,"y":1.3095703125,"z":0.920166015625},"rotation":{"x":-0.3708302080631256,"y":0.20390594005584718,"z":-0.08387129008769989,"w":-0.9021732807159424},"size":4.316895484924316,"orthographic":true}