{"cameraMode":{"drawMode":0,"name":"Shaded","section":"Shading Mode"},"sceneLighting":false,"audioPlay":false,"sceneViewState":{"showFog":false,"showMaterialUpdate":false,"showSkybox":false,"showFlares":false,"showImageEffects":false,"showParticleSystems":false},"in2DMode":false,"pivot":{"x":9.5367431640625e-7,"y":0.9022648334503174,"z":0.02162332832813263},"rotation":{"x":0.15945373475551606,"y":0.7922708988189697,"z":-0.23367363214492799,"w":0.5406286120414734},"size":4.42125940322876,"orthographic":false}