{"cameraMode":{"drawMode":0,"name":"Shaded","section":"Shading Mode"},"sceneLighting":true,"audioPlay":false,"sceneViewState":{"showFog":false,"showMaterialUpdate":false,"showSkybox":false,"showFlares":false,"showImageEffects":false,"showParticleSystems":false},"in2DMode":false,"pivot":{"x":3.357821464538574,"y":2.4483299255371095,"z":1.2347383499145508},"rotation":{"x":-0.34233248233795168,"y":0.3711158335208893,"z":-0.14943882822990418,"w":-0.8501469492912293},"size":17.706159591674806,"orthographic":false}