{"cameraMode":{"drawMode":0,"name":"Shaded","section":"Shading Mode"},"sceneLighting":false,"audioPlay":false,"sceneViewState":{"showFog":false,"showMaterialUpdate":false,"showSkybox":false,"showFlares":false,"showImageEffects":false,"showParticleSystems":false},"in2DMode":false,"pivot":{"x":-0.20635473728179933,"y":1.0366997718811036,"z":1.2370336055755616},"rotation":{"x":-0.36250540614128115,"y":-0.47088751196861269,"z":0.22071388363838197,"w":-0.7734020352363586},"size":3.271878719329834,"orthographic":false}