{"cameraMode":{"drawMode":0,"name":"Shaded","section":"Shading Mode"},"sceneLighting":false,"audioPlay":false,"sceneViewState":{"showFog":false,"showMaterialUpdate":false,"showSkybox":false,"showFlares":false,"showImageEffects":false,"showParticleSystems":false},"in2DMode":false,"pivot":{"x":9.5367431640625e-7,"y":0.9022648334503174,"z":0.0022475868463516237},"rotation":{"x":0.42800670862197878,"y":-0.4406087398529053,"z":0.252216637134552,"w":0.74770587682724},"size":4.4304046630859379,"orthographic":true}