{"cameraMode":{"drawMode":0,"name":"Shaded","section":"Shading Mode"},"sceneLighting":false,"audioPlay":false,"sceneViewState":{"showFog":false,"showMaterialUpdate":false,"showSkybox":false,"showFlares":false,"showImageEffects":false,"showParticleSystems":false},"in2DMode":false,"pivot":{"x":-5.816531181335449,"y":0.9898308515548706,"z":-0.31135010719299319},"rotation":{"x":-0.27231767773628237,"y":-0.304408460855484,"z":0.09127514809370041,"w":-0.9082183837890625},"size":4.159950256347656,"orthographic":false}