{"cameraMode":{"drawMode":0,"name":"Shaded","section":"Shading Mode"},"sceneLighting":false,"audioPlay":false,"sceneViewState":{"showFog":false,"showMaterialUpdate":false,"showSkybox":false,"showFlares":false,"showImageEffects":false,"showParticleSystems":false},"in2DMode":false,"pivot":{"x":-0.03369140625,"y":1.602294921875,"z":0.22210693359375},"rotation":{"x":0.024703066796064378,"y":-0.9738161563873291,"z":0.1847604364156723,"w":0.13018494844436646},"size":0.9937363862991333,"orthographic":true}