{"cameraMode":{"drawMode":0,"name":"Shaded","section":"Shading Mode"},"sceneLighting":false,"audioPlay":false,"sceneViewState":{"showFog":false,"showMaterialUpdate":false,"showSkybox":false,"showFlares":false,"showImageEffects":false,"showParticleSystems":false},"in2DMode":false,"pivot":{"x":2.7526917457580568,"y":0.05898904800415039,"z":0.913928747177124},"rotation":{"x":0.2905999720096588,"y":-0.13434186577796937,"z":0.04132809862494469,"w":0.9465116858482361},"size":4.980841636657715,"orthographic":false}