{"cameraMode":{"drawMode":0,"name":"Shaded","section":"Shading Mode"},"sceneLighting":false,"audioPlay":false,"sceneViewState":{"showFog":false,"showMaterialUpdate":false,"showSkybox":false,"showFlares":false,"showImageEffects":false,"showParticleSystems":false},"in2DMode":false,"pivot":{"x":9.5367431640625e-7,"y":0.9022648334503174,"z":0.17499998211860658},"rotation":{"x":0.2363763153553009,"y":0.5068628191947937,"z":-0.14684894680976869,"w":0.8158754706382752},"size":4.84483003616333,"orthographic":true}