{"cameraMode":{"drawMode":0,"name":"Shaded","section":"Shading Mode"},"sceneLighting":false,"audioPlay":false,"sceneViewState":{"showFog":false,"showMaterialUpdate":false,"showSkybox":false,"showFlares":false,"showImageEffects":false,"showParticleSystems":false},"in2DMode":false,"pivot":{"x":0.12701508402824403,"y":-0.08603408932685852,"z":0.0195772647857666},"rotation":{"x":0.4048289656639099,"y":-0.2574668228626251,"z":0.12001112103462219,"w":0.8692011833190918},"size":0.7425000071525574,"orthographic":false}