{"cameraMode":{"drawMode":0,"name":"Shaded","section":"Shading Mode"},"sceneLighting":true,"audioPlay":false,"sceneViewState":{"showFog":false,"showMaterialUpdate":false,"showSkybox":false,"showFlares":false,"showImageEffects":false,"showParticleSystems":false},"in2DMode":false,"pivot":{"x":-14.849245071411133,"y":1.0948460102081299,"z":27.577163696289064},"rotation":{"x":0.42761796712875368,"y":0.14934083819389344,"z":-0.07186371088027954,"w":0.8886371850967407},"size":5.021023273468018,"orthographic":false}