{"cameraMode":{"drawMode":0,"name":"Shaded","section":"Shading Mode"},"sceneLighting":true,"audioPlay":false,"sceneViewState":{"showFog":false,"showMaterialUpdate":false,"showSkybox":false,"showFlares":false,"showImageEffects":false,"showParticleSystems":false},"in2DMode":false,"pivot":{"x":-0.8608765602111816,"y":4.434389114379883,"z":-4.220573425292969},"rotation":{"x":0.40263631939888,"y":-0.38403528928756716,"z":0.19122758507728578,"w":0.8086006045341492},"size":11.046025276184082,"orthographic":false}