{"cameraMode":{"drawMode":0,"name":"Shaded","section":"Shading Mode"},"sceneLighting":false,"audioPlay":false,"sceneViewState":{"showFog":false,"showMaterialUpdate":false,"showSkybox":false,"showFlares":false,"showImageEffects":false,"showParticleSystems":false},"in2DMode":false,"pivot":{"x":-5.21540641784668e-8,"y":0.36505138874053957,"z":2.2351741790771486e-8},"rotation":{"x":-0.34285256266593935,"y":0.21507981419563294,"z":-0.08093739300966263,"w":-0.910855233669281},"size":1.664913535118103,"orthographic":false}