{"cameraMode":{"drawMode":0,"name":"Shaded","section":"Shading Mode"},"sceneLighting":false,"audioPlay":false,"sceneViewState":{"showFog":false,"showMaterialUpdate":false,"showSkybox":false,"showFlares":false,"showImageEffects":false,"showParticleSystems":false},"in2DMode":false,"pivot":{"x":-5.21540641784668e-8,"y":0.36505138874053957,"z":2.2351741790771486e-8},"rotation":{"x":-0.3225274682044983,"y":0.09151126444339752,"z":-0.03132573887705803,"w":-0.9416135549545288},"size":1.3649134635925294,"orthographic":false}