{"cameraMode":{"drawMode":0,"name":"Shaded","section":"Shading Mode"},"sceneLighting":true,"audioPlay":false,"sceneViewState":{"showFog":false,"showMaterialUpdate":false,"showSkybox":false,"showFlares":false,"showImageEffects":false,"showParticleSystems":false},"in2DMode":false,"pivot":{"x":-0.5213432312011719,"y":4.125828266143799,"z":-3.9259750843048097},"rotation":{"x":0.47530505061149599,"y":-0.08733603358268738,"z":0.04748484864830971,"w":0.8741925358772278},"size":5.799103260040283,"orthographic":false}