{"cameraMode":{"drawMode":0,"name":"Shaded","section":"Shading Mode"},"sceneLighting":false,"audioPlay":false,"sceneViewState":{"showFog":false,"showMaterialUpdate":false,"showSkybox":false,"showFlares":false,"showImageEffects":false,"showParticleSystems":false},"in2DMode":false,"pivot":{"x":-5.960464477539063e-7,"y":-4.76837158203125e-7,"z":2.9802322387695315e-8},"rotation":{"x":-0.5831607580184937,"y":-0.019007926806807519,"z":0.013650323264300824,"w":-0.8120218515396118},"size":7.017836570739746,"orthographic":false}