{"cameraMode":{"drawMode":0,"name":"Shaded","section":"Shading Mode"},"sceneLighting":true,"audioPlay":false,"sceneViewState":{"showFog":false,"showMaterialUpdate":false,"showSkybox":false,"showFlares":false,"showImageEffects":false,"showParticleSystems":false},"in2DMode":false,"pivot":{"x":-8.117035865783692,"y":2.8512115478515627,"z":20.985013961791993},"rotation":{"x":-0.4246564209461212,"y":0.43691420555114748,"z":-0.2460760474205017,"w":-0.7538251280784607},"size":33.222259521484378,"orthographic":false}