{"cameraMode":{"drawMode":0,"name":"Shaded","section":"Shading Mode"},"sceneLighting":true,"audioPlay":false,"sceneViewState":{"showFog":false,"showMaterialUpdate":false,"showSkybox":false,"showFlares":false,"showImageEffects":false,"showParticleSystems":false},"in2DMode":false,"pivot":{"x":0.0005664825439453125,"y":0.8154855370521545,"z":-0.11107958853244782},"rotation":{"x":0.02031007967889309,"y":0.9668377041816711,"z":-0.24121783673763276,"w":0.08140593022108078},"size":3.6258602142333986,"orthographic":false}